{"LOG-001":0.8199999999999998,"SEC-006":0.95,"WEAK-RULE":0.4999999999999996,"TYP-001":0.95,"TYP-002":0.95,"TYP-012":0.95,"VAR-005":0.95,"LOG-006":0.95,"LOG-016":0.95,"STL-001":0.95,"STL-003":0.95,"API-002":1.02,"API-003":1.02,"API-007":1.02}